condition,self_competition,n_tf,combo_id,seed,pearson_r,r_squared,rmse_delta_log2,total_sse_score,rates_file
self_off,False,1,combo001_CREB1,0,0.6227392966438339,0.3878042315844569,0.35858718010533674,90254.0,outputs/figure3/runs/self_off_n01_combo001_CREB1_seed00_rates.txt
self_off,False,1,combo002_CREB3,0,0.4597839989515438,0.21140132569187325,0.5411900401052662,166590.0,outputs/figure3/runs/self_off_n01_combo002_CREB3_seed00_rates.txt
self_off,False,1,combo003_CREB5,0,0.6229683805235151,0.3880896031320911,0.43102880734604454,115140.0,outputs/figure3/runs/self_off_n01_combo003_CREB5_seed00_rates.txt
self_off,False,1,combo004_CREM,0,0.6711772898084433,0.45047895435460705,0.3288100137282523,91633.0,outputs/figure3/runs/self_off_n01_combo004_CREM_seed00_rates.txt
self_off,False,1,combo005_ATF1,0,0.08379946652302521,0.007022350589543622,0.4936212320339189,143670.0,outputs/figure3/runs/self_off_n01_combo005_ATF1_seed00_rates.txt
self_off,False,1,combo006_ATF4,0,-0.05589697113704162,0.0031244713822952638,2.9191073969559684,308370.0,outputs/figure3/runs/self_off_n01_combo006_ATF4_seed00_rates.txt
self_off,False,1,combo007_ATF7,0,0.6139948278779496,0.3769896486608729,0.47910048724221116,129730.0,outputs/figure3/runs/self_off_n01_combo007_ATF7_seed00_rates.txt
self_off,False,2,combo008_CREB1-CREB3,0,0.6238514448280974,0.38919062521410464,0.35291730229317547,88102.0,outputs/figure3/runs/self_off_n02_combo008_CREB1-CREB3_seed00_rates.txt
self_off,False,2,combo009_CREB1-CREB5,0,0.7520812569965927,0.5656262171255749,0.2890943744779545,72518.0,outputs/figure3/runs/self_off_n02_combo009_CREB1-CREB5_seed00_rates.txt
self_off,False,2,combo010_CREB1-CREM,0,0.8273445142049193,0.6844989451849739,0.24882280290179984,58923.0,outputs/figure3/runs/self_off_n02_combo010_CREB1-CREM_seed00_rates.txt
self_off,False,2,combo011_CREB1-ATF1,0,0.6370302712135664,0.40580756644242993,0.3526556174979984,87067.0,outputs/figure3/runs/self_off_n02_combo011_CREB1-ATF1_seed00_rates.txt
self_off,False,2,combo012_CREB1-ATF4,0,0.6532186288190277,0.42669457703621066,0.3498374641575476,84607.0,outputs/figure3/runs/self_off_n02_combo012_CREB1-ATF4_seed00_rates.txt
self_off,False,2,combo013_CREB1-ATF7,0,0.723103431423352,0.5228785725362263,0.3091101809087247,74505.0,outputs/figure3/runs/self_off_n02_combo013_CREB1-ATF7_seed00_rates.txt
self_off,False,2,combo014_CREB3-CREB5,0,-0.04293644453173687,0.0018435382690269167,2.032265023939577,380400.0,outputs/figure3/runs/self_off_n02_combo014_CREB3-CREB5_seed00_rates.txt
self_off,False,2,combo015_CREB3-CREM,0,0.7485654468554002,0.5603502282258249,0.2986995208234763,75763.0,outputs/figure3/runs/self_off_n02_combo015_CREB3-CREM_seed00_rates.txt
self_off,False,2,combo016_CREB3-ATF1,0,0.3845067030077032,0.14784540465785406,0.4221408561764162,120780.0,outputs/figure3/runs/self_off_n02_combo016_CREB3-ATF1_seed00_rates.txt
self_off,False,2,combo017_CREB3-ATF4,0,-0.017681823158548896,0.00031264687021019603,1.8858484324844385,349210.0,outputs/figure3/runs/self_off_n02_combo017_CREB3-ATF4_seed00_rates.txt
self_off,False,2,combo018_CREB3-ATF7,0,0.6209907874061079,0.38562955804325794,0.40418799069460326,107900.0,outputs/figure3/runs/self_off_n02_combo018_CREB3-ATF7_seed00_rates.txt
self_off,False,2,combo019_CREB5-CREM,0,0.705151713167659,0.49723893858328444,0.32331486184999053,84622.0,outputs/figure3/runs/self_off_n02_combo019_CREB5-CREM_seed00_rates.txt
self_off,False,2,combo020_CREB5-ATF1,0,0.6208683340631899,0.38547748824240075,0.35292970115430067,93891.0,outputs/figure3/runs/self_off_n02_combo020_CREB5-ATF1_seed00_rates.txt
self_off,False,2,combo021_CREB5-ATF4,0,0.6219260782892105,0.3867920468561972,0.3567339380379225,97827.0,outputs/figure3/runs/self_off_n02_combo021_CREB5-ATF4_seed00_rates.txt
self_off,False,2,combo022_CREB5-ATF7,0,0.6869734015010163,0.4719324543698765,0.4192025242750298,104660.0,outputs/figure3/runs/self_off_n02_combo022_CREB5-ATF7_seed00_rates.txt
self_off,False,2,combo023_CREM-ATF1,0,0.6780061010604388,0.45969227307517796,0.3309994667890405,86018.0,outputs/figure3/runs/self_off_n02_combo023_CREM-ATF1_seed00_rates.txt
self_off,False,2,combo024_CREM-ATF4,0,0.6730346641579403,0.45297565915819155,0.32852779092575235,91218.0,outputs/figure3/runs/self_off_n02_combo024_CREM-ATF4_seed00_rates.txt
self_off,False,2,combo025_CREM-ATF7,0,0.6132241873769848,0.3760439039841634,0.4274066237982817,113500.0,outputs/figure3/runs/self_off_n02_combo025_CREM-ATF7_seed00_rates.txt
self_off,False,2,combo026_ATF1-ATF4,0,0.09028094672142373,0.00815064934091655,0.49403348418224063,143110.0,outputs/figure3/runs/self_off_n02_combo026_ATF1-ATF4_seed00_rates.txt
self_off,False,2,combo027_ATF1-ATF7,0,0.6057996358128389,0.36699319875096825,0.3696930643990465,112520.0,outputs/figure3/runs/self_off_n02_combo027_ATF1-ATF7_seed00_rates.txt
self_off,False,2,combo028_ATF4-ATF7,0,-0.05045348840628672,0.0025455544923633083,6.114990714501655,327510.0,outputs/figure3/runs/self_off_n02_combo028_ATF4-ATF7_seed00_rates.txt
self_off,False,3,combo029_CREB1-CREB3-CREB5,0,0.7925585073896041,0.6281489876356371,0.2707236932737028,64496.0,outputs/figure3/runs/self_off_n03_combo029_CREB1-CREB3-CREB5_seed00_rates.txt
self_off,False,3,combo030_CREB1-CREB3-CREM,0,0.845105958334297,0.7142040808121306,0.23387685444240824,54087.0,outputs/figure3/runs/self_off_n03_combo030_CREB1-CREB3-CREM_seed00_rates.txt
self_off,False,3,combo031_CREB1-CREB3-ATF1,0,0.7443509961061173,0.5540584054041691,0.3011957477801468,72105.0,outputs/figure3/runs/self_off_n03_combo031_CREB1-CREB3-ATF1_seed00_rates.txt
self_off,False,3,combo032_CREB1-CREB3-ATF4,0,0.7595345099596038,0.5768926718195755,0.2951370717606317,68959.0,outputs/figure3/runs/self_off_n03_combo032_CREB1-CREB3-ATF4_seed00_rates.txt
self_off,False,3,combo033_CREB1-CREB3-ATF7,0,0.6322748328720225,0.3997714642833439,0.40394842153414207,107610.0,outputs/figure3/runs/self_off_n03_combo033_CREB1-CREB3-ATF7_seed00_rates.txt
self_off,False,3,combo034_CREB1-CREB5-CREM,0,0.8365835790786051,0.6998720847839688,0.24687892429169098,56857.0,outputs/figure3/runs/self_off_n03_combo034_CREB1-CREB5-CREM_seed00_rates.txt
self_off,False,3,combo035_CREB1-CREB5-ATF1,0,0.7375014641058427,0.5439084095582616,0.30137688070146,75498.0,outputs/figure3/runs/self_off_n03_combo035_CREB1-CREB5-ATF1_seed00_rates.txt
self_off,False,3,combo036_CREB1-CREB5-ATF4,0,0.7279510666148438,0.5299127553856887,0.3043921933049178,74211.0,outputs/figure3/runs/self_off_n03_combo036_CREB1-CREB5-ATF4_seed00_rates.txt
self_off,False,3,combo037_CREB1-CREB5-ATF7,0,0.8114379440753079,0.6584315370851626,0.2609560041037175,61655.0,outputs/figure3/runs/self_off_n03_combo037_CREB1-CREB5-ATF7_seed00_rates.txt
self_off,False,3,combo038_CREB1-CREM-ATF1,0,0.7658368913030904,0.5865061440807815,0.3006617341740577,71844.0,outputs/figure3/runs/self_off_n03_combo038_CREB1-CREM-ATF1_seed00_rates.txt
self_off,False,3,combo039_CREB1-CREM-ATF4,0,0.8243029030463437,0.6794752759706298,0.2498398907797545,60090.0,outputs/figure3/runs/self_off_n03_combo039_CREB1-CREM-ATF4_seed00_rates.txt
self_off,False,3,combo040_CREB1-CREM-ATF7,0,0.8468479511705933,0.7171514524018315,0.23742852505649903,54368.0,outputs/figure3/runs/self_off_n03_combo040_CREB1-CREM-ATF7_seed00_rates.txt
self_off,False,3,combo041_CREB1-ATF1-ATF4,0,0.6414428155789716,0.4114488856578786,0.3527904214356672,85790.0,outputs/figure3/runs/self_off_n03_combo041_CREB1-ATF1-ATF4_seed00_rates.txt
self_off,False,3,combo042_CREB1-ATF1-ATF7,0,0.7277565981735707,0.5296296661851682,0.31120063209013216,72597.0,outputs/figure3/runs/self_off_n03_combo042_CREB1-ATF1-ATF7_seed00_rates.txt
self_off,False,3,combo043_CREB1-ATF4-ATF7,0,0.7140428121352027,0.5098571375619484,0.32281118333967873,75734.0,outputs/figure3/runs/self_off_n03_combo043_CREB1-ATF4-ATF7_seed00_rates.txt
self_off,False,3,combo044_CREB3-CREB5-CREM,0,0.6990625799547296,0.4886884906929628,0.3550738132784087,89835.0,outputs/figure3/runs/self_off_n03_combo044_CREB3-CREB5-CREM_seed00_rates.txt
self_off,False,3,combo045_CREB3-CREB5-ATF1,0,0.5985164839828231,0.3582219815991609,0.36711706425229096,98018.0,outputs/figure3/runs/self_off_n03_combo045_CREB3-CREB5-ATF1_seed00_rates.txt
self_off,False,3,combo046_CREB3-CREB5-ATF4,0,0.7008257837401596,0.49115677915500894,0.319948990740798,89932.0,outputs/figure3/runs/self_off_n03_combo046_CREB3-CREB5-ATF4_seed00_rates.txt
self_off,False,3,combo047_CREB3-CREB5-ATF7,0,0.7051675723389657,0.49726130507843036,0.3639466468784557,89534.0,outputs/figure3/runs/self_off_n03_combo047_CREB3-CREB5-ATF7_seed00_rates.txt
self_off,False,3,combo048_CREB3-CREM-ATF1,0,0.6618123272958631,0.43799555656076666,0.32422253620493974,91236.0,outputs/figure3/runs/self_off_n03_combo048_CREB3-CREM-ATF1_seed00_rates.txt
self_off,False,3,combo049_CREB3-CREM-ATF4,0,0.7631724305281417,0.5824321587182312,0.2911842837675251,72234.0,outputs/figure3/runs/self_off_n03_combo049_CREB3-CREM-ATF4_seed00_rates.txt
self_off,False,3,combo050_CREB3-CREM-ATF7,0,0.5713255303728174,0.3264128616557811,2.402200610765506,175280.0,outputs/figure3/runs/self_off_n03_combo050_CREB3-CREM-ATF7_seed00_rates.txt
self_off,False,3,combo051_CREB3-ATF1-ATF4,0,0.5096520715385701,0.25974523402355576,0.39377359962271336,108840.0,outputs/figure3/runs/self_off_n03_combo051_CREB3-ATF1-ATF4_seed00_rates.txt
self_off,False,3,combo052_CREB3-ATF1-ATF7,0,0.0638959043709062,0.00408268659537599,0.5102263773778034,161590.0,outputs/figure3/runs/self_off_n03_combo052_CREB3-ATF1-ATF7_seed00_rates.txt
self_off,False,3,combo053_CREB3-ATF4-ATF7,0,0.6248941200803751,0.39049266131102633,0.40571948643450684,107100.0,outputs/figure3/runs/self_off_n03_combo053_CREB3-ATF4-ATF7_seed00_rates.txt
self_off,False,3,combo054_CREB5-CREM-ATF1,0,0.736726264574191,0.5427655889134408,0.3082991609471541,77736.0,outputs/figure3/runs/self_off_n03_combo054_CREB5-CREM-ATF1_seed00_rates.txt
self_off,False,3,combo055_CREB5-CREM-ATF4,0,0.7063658124128107,0.4989526609456101,0.32265116499219215,84225.0,outputs/figure3/runs/self_off_n03_combo055_CREB5-CREM-ATF4_seed00_rates.txt
self_off,False,3,combo056_CREB5-CREM-ATF7,0,0.6228853651799555,0.38798617815536657,0.4221896091793823,110990.0,outputs/figure3/runs/self_off_n03_combo056_CREB5-CREM-ATF7_seed00_rates.txt
self_off,False,3,combo057_CREB5-ATF1-ATF4,0,0.6375855532092082,0.40651533766109205,0.3465915363795218,101050.0,outputs/figure3/runs/self_off_n03_combo057_CREB5-ATF1-ATF4_seed00_rates.txt
self_off,False,3,combo058_CREB5-ATF1-ATF7,0,0.6860763880513212,0.4707008102415471,0.3216093917197668,94991.0,outputs/figure3/runs/self_off_n03_combo058_CREB5-ATF1-ATF7_seed00_rates.txt
self_off,False,3,combo059_CREB5-ATF4-ATF7,0,0.7123862796392336,0.5074942114182284,0.3133556254681015,87682.0,outputs/figure3/runs/self_off_n03_combo059_CREB5-ATF4-ATF7_seed00_rates.txt
self_off,False,3,combo060_CREM-ATF1-ATF4,0,0.6474269067565407,0.41916159959234245,0.3402164286998912,90834.0,outputs/figure3/runs/self_off_n03_combo060_CREM-ATF1-ATF4_seed00_rates.txt
self_off,False,3,combo061_CREM-ATF1-ATF7,0,0.7385294622784212,0.5454257666532539,0.3165347251435587,79821.0,outputs/figure3/runs/self_off_n03_combo061_CREM-ATF1-ATF7_seed00_rates.txt
self_off,False,3,combo062_CREM-ATF4-ATF7,0,0.7480521120079981,0.5595819622796266,0.29802861070101466,76811.0,outputs/figure3/runs/self_off_n03_combo062_CREM-ATF4-ATF7_seed00_rates.txt
self_off,False,3,combo063_ATF1-ATF4-ATF7,0,-0.021031904479202435,0.00044234100602229547,0.6575994592204583,229180.0,outputs/figure3/runs/self_off_n03_combo063_ATF1-ATF4-ATF7_seed00_rates.txt
self_off,False,4,combo064_CREB1-CREB3-CREB5-CREM,0,0.8550209176849759,0.7310607696788584,0.22849188988426572,51841.0,outputs/figure3/runs/self_off_n04_combo064_CREB1-CREB3-CREB5-CREM_seed00_rates.txt
self_off,False,4,combo065_CREB1-CREB3-CREB5-ATF1,0,0.7913109427385153,0.6261730080977179,0.27063818867598616,64168.0,outputs/figure3/runs/self_off_n04_combo065_CREB1-CREB3-CREB5-ATF1_seed00_rates.txt
self_off,False,4,combo066_CREB1-CREB3-CREB5-ATF4,0,0.8247402871157685,0.6801965411918003,0.2468494973662157,58790.0,outputs/figure3/runs/self_off_n04_combo066_CREB1-CREB3-CREB5-ATF4_seed00_rates.txt
self_off,False,4,combo067_CREB1-CREB3-CREB5-ATF7,0,0.8329412277095354,0.6937910888182681,0.2383334557313208,56831.0,outputs/figure3/runs/self_off_n04_combo067_CREB1-CREB3-CREB5-ATF7_seed00_rates.txt
self_off,False,4,combo068_CREB1-CREB3-CREM-ATF1,0,0.8398447022724327,0.7053391239350711,0.23651416484722732,55030.0,outputs/figure3/runs/self_off_n04_combo068_CREB1-CREB3-CREM-ATF1_seed00_rates.txt
self_off,False,4,combo069_CREB1-CREB3-CREM-ATF4,0,0.8437305057440675,0.7118811663231399,0.23262474151366466,53455.0,outputs/figure3/runs/self_off_n04_combo069_CREB1-CREB3-CREM-ATF4_seed00_rates.txt
self_off,False,4,combo070_CREB1-CREB3-CREM-ATF7,0,0.8548586905823944,0.7307833808642459,0.2260550680132627,51730.0,outputs/figure3/runs/self_off_n04_combo070_CREB1-CREB3-CREM-ATF7_seed00_rates.txt
self_off,False,4,combo071_CREB1-CREB3-ATF1-ATF4,0,0.7142982255259231,0.5102219549894825,0.31308978005861754,83635.0,outputs/figure3/runs/self_off_n04_combo071_CREB1-CREB3-ATF1-ATF4_seed00_rates.txt
self_off,False,4,combo072_CREB1-CREB3-ATF1-ATF7,0,0.7610750372649959,0.579235212347915,0.2987422412191343,72499.0,outputs/figure3/runs/self_off_n04_combo072_CREB1-CREB3-ATF1-ATF7_seed00_rates.txt
self_off,False,4,combo073_CREB1-CREB3-ATF4-ATF7,0,0.5609423904520104,0.3146563654060157,2.0006004479430746,198570.0,outputs/figure3/runs/self_off_n04_combo073_CREB1-CREB3-ATF4-ATF7_seed00_rates.txt
self_off,False,4,combo074_CREB1-CREB5-CREM-ATF1,0,0.7741261455889953,0.5992712892844744,0.28411250988015396,67745.0,outputs/figure3/runs/self_off_n04_combo074_CREB1-CREB5-CREM-ATF1_seed00_rates.txt
self_off,False,4,combo075_CREB1-CREB5-CREM-ATF4,0,0.794508314133596,0.6312434612274089,0.2745779705298591,65734.0,outputs/figure3/runs/self_off_n04_combo075_CREB1-CREB5-CREM-ATF4_seed00_rates.txt
self_off,False,4,combo076_CREB1-CREB5-CREM-ATF7,0,0.8461579548215858,0.7159832845078489,0.23386591743269777,53447.0,outputs/figure3/runs/self_off_n04_combo076_CREB1-CREB5-CREM-ATF7_seed00_rates.txt
self_off,False,4,combo077_CREB1-CREB5-ATF1-ATF4,0,0.6650979572877092,0.4423552927882834,0.34779852624417246,82000.0,outputs/figure3/runs/self_off_n04_combo077_CREB1-CREB5-ATF1-ATF4_seed00_rates.txt
self_off,False,4,combo078_CREB1-CREB5-ATF1-ATF7,0,0.6411887922882619,0.41112306735607984,0.3443369010228599,87455.0,outputs/figure3/runs/self_off_n04_combo078_CREB1-CREB5-ATF1-ATF7_seed00_rates.txt
self_off,False,4,combo079_CREB1-CREB5-ATF4-ATF7,0,0.7732136963456908,0.5978594202165661,0.2838608866905577,75528.0,outputs/figure3/runs/self_off_n04_combo079_CREB1-CREB5-ATF4-ATF7_seed00_rates.txt
self_off,False,4,combo080_CREB1-CREM-ATF1-ATF4,0,0.8320453453640206,0.6922994567419324,0.2502978421702755,56836.0,outputs/figure3/runs/self_off_n04_combo080_CREB1-CREM-ATF1-ATF4_seed00_rates.txt
self_off,False,4,combo081_CREB1-CREM-ATF1-ATF7,0,0.8489708620953996,0.7207515246870061,0.2371088566386241,53706.0,outputs/figure3/runs/self_off_n04_combo081_CREB1-CREM-ATF1-ATF7_seed00_rates.txt
self_off,False,4,combo082_CREB1-CREM-ATF4-ATF7,0,0.8468948967156048,0.7172309660829349,0.235865730210516,54038.0,outputs/figure3/runs/self_off_n04_combo082_CREB1-CREM-ATF4-ATF7_seed00_rates.txt
self_off,False,4,combo083_CREB1-ATF1-ATF4-ATF7,0,0.7263910865545615,0.5276440106259165,0.311601497223528,73249.0,outputs/figure3/runs/self_off_n04_combo083_CREB1-ATF1-ATF4-ATF7_seed00_rates.txt
self_off,False,4,combo084_CREB3-CREB5-CREM-ATF1,0,0.7834725443675008,0.6138292277776856,0.2794443156339318,66817.0,outputs/figure3/runs/self_off_n04_combo084_CREB3-CREB5-CREM-ATF1_seed00_rates.txt
self_off,False,4,combo085_CREB3-CREB5-CREM-ATF4,0,0.6411559632089754,0.411080969158429,0.3737387316523852,95387.0,outputs/figure3/runs/self_off_n04_combo085_CREB3-CREB5-CREM-ATF4_seed00_rates.txt
self_off,False,4,combo086_CREB3-CREB5-CREM-ATF7,0,0.7787054920258552,0.6063822433112291,0.2790311789182828,68229.0,outputs/figure3/runs/self_off_n04_combo086_CREB3-CREB5-CREM-ATF7_seed00_rates.txt
self_off,False,4,combo087_CREB3-CREB5-ATF1-ATF4,0,0.7237795577368518,0.5238568481977527,0.3041716545505976,79012.0,outputs/figure3/runs/self_off_n04_combo087_CREB3-CREB5-ATF1-ATF4_seed00_rates.txt
self_off,False,4,combo088_CREB3-CREB5-ATF1-ATF7,0,0.7398303633528581,0.547348966538822,0.3017022402248343,77476.0,outputs/figure3/runs/self_off_n04_combo088_CREB3-CREB5-ATF1-ATF7_seed00_rates.txt
self_off,False,4,combo089_CREB3-CREB5-ATF4-ATF7,0,0.7366986641651362,0.5427249217826962,0.30213417286160343,81203.0,outputs/figure3/runs/self_off_n04_combo089_CREB3-CREB5-ATF4-ATF7_seed00_rates.txt
self_off,False,4,combo090_CREB3-CREM-ATF1-ATF4,0,0.6955254325793553,0.4837556273646993,0.31814435917152467,86812.0,outputs/figure3/runs/self_off_n04_combo090_CREB3-CREM-ATF1-ATF4_seed00_rates.txt
self_off,False,4,combo091_CREB3-CREM-ATF1-ATF7,0,0.7709550160291931,0.5943716367405735,0.27774265276803217,69657.0,outputs/figure3/runs/self_off_n04_combo091_CREB3-CREM-ATF1-ATF7_seed00_rates.txt
self_off,False,4,combo092_CREB3-CREM-ATF4-ATF7,0,0.7651329919855688,0.5854284954247886,0.2897873627325048,71622.0,outputs/figure3/runs/self_off_n04_combo092_CREB3-CREM-ATF4-ATF7_seed00_rates.txt
self_off,False,4,combo093_CREB3-ATF1-ATF4-ATF7,0,0.6836321136875843,0.46735286686495414,0.32869309764457955,87372.0,outputs/figure3/runs/self_off_n04_combo093_CREB3-ATF1-ATF4-ATF7_seed00_rates.txt
self_off,False,4,combo094_CREB5-CREM-ATF1-ATF4,0,0.7359178093114666,0.5415750220617881,0.3132339131484322,76728.0,outputs/figure3/runs/self_off_n04_combo094_CREB5-CREM-ATF1-ATF4_seed00_rates.txt
self_off,False,4,combo095_CREB5-CREM-ATF1-ATF7,0,0.7727670805344792,0.5971689607577823,0.2986481158653456,70028.0,outputs/figure3/runs/self_off_n04_combo095_CREB5-CREM-ATF1-ATF7_seed00_rates.txt
self_off,False,4,combo096_CREB5-CREM-ATF4-ATF7,0,0.5354864468638932,0.28674573477491716,1.9911135411795147,165880.0,outputs/figure3/runs/self_off_n04_combo096_CREB5-CREM-ATF4-ATF7_seed00_rates.txt
self_off,False,4,combo097_CREB5-ATF1-ATF4-ATF7,0,0.10690690623150831,0.01142908659999251,0.5319672693806129,191830.0,outputs/figure3/runs/self_off_n04_combo097_CREB5-ATF1-ATF4-ATF7_seed00_rates.txt
self_off,False,4,combo098_CREM-ATF1-ATF4-ATF7,0,0.6826007929421242,0.46594384252521664,0.3319887703784306,86221.0,outputs/figure3/runs/self_off_n04_combo098_CREM-ATF1-ATF4-ATF7_seed00_rates.txt
self_off,False,5,combo099_CREB1-CREB3-CREB5-CREM-ATF1,0,0.8581346584352407,0.7363950920077673,0.22971399464207462,49784.0,outputs/figure3/runs/self_off_n05_combo099_CREB1-CREB3-CREB5-CREM-ATF1_seed00_rates.txt
self_off,False,5,combo100_CREB1-CREB3-CREB5-CREM-ATF4,0,0.8450036964956468,0.7140312470913072,0.23198965999025126,52861.0,outputs/figure3/runs/self_off_n05_combo100_CREB1-CREB3-CREB5-CREM-ATF4_seed00_rates.txt
self_off,False,5,combo101_CREB1-CREB3-CREB5-CREM-ATF7,0,0.8675713623215651,0.7526800687204963,0.21443412400994136,47976.0,outputs/figure3/runs/self_off_n05_combo101_CREB1-CREB3-CREB5-CREM-ATF7_seed00_rates.txt
self_off,False,5,combo102_CREB1-CREB3-CREB5-ATF1-ATF4,0,0.7297788918841449,0.5325772310396505,0.3222470947746597,82832.0,outputs/figure3/runs/self_off_n05_combo102_CREB1-CREB3-CREB5-ATF1-ATF4_seed00_rates.txt
self_off,False,5,combo103_CREB1-CREB3-CREB5-ATF1-ATF7,0,0.8325695746649705,0.6931720966578099,0.24008413877380994,56029.0,outputs/figure3/runs/self_off_n05_combo103_CREB1-CREB3-CREB5-ATF1-ATF7_seed00_rates.txt
self_off,False,5,combo104_CREB1-CREB3-CREB5-ATF4-ATF7,0,0.849027236114685,0.7208472476645411,0.22738158930816196,52879.0,outputs/figure3/runs/self_off_n05_combo104_CREB1-CREB3-CREB5-ATF4-ATF7_seed00_rates.txt
self_off,False,5,combo105_CREB1-CREB3-CREM-ATF1-ATF4,0,0.7664790369804686,0.5874901141305066,0.2998670698821717,79291.0,outputs/figure3/runs/self_off_n05_combo105_CREB1-CREB3-CREM-ATF1-ATF4_seed00_rates.txt
self_off,False,5,combo106_CREB1-CREB3-CREM-ATF1-ATF7,0,0.8518154646595121,0.7255895858331005,0.2309106392769547,52171.0,outputs/figure3/runs/self_off_n05_combo106_CREB1-CREB3-CREM-ATF1-ATF7_seed00_rates.txt
self_off,False,5,combo107_CREB1-CREB3-CREM-ATF4-ATF7,0,0.8579474881209754,0.7360738923730913,0.2247294085359101,50281.0,outputs/figure3/runs/self_off_n05_combo107_CREB1-CREB3-CREM-ATF4-ATF7_seed00_rates.txt
self_off,False,5,combo108_CREB1-CREB3-ATF1-ATF4-ATF7,0,0.7929837342975079,0.6288232028604206,0.2733553114817249,63648.0,outputs/figure3/runs/self_off_n05_combo108_CREB1-CREB3-ATF1-ATF4-ATF7_seed00_rates.txt
self_off,False,5,combo109_CREB1-CREB5-CREM-ATF1-ATF4,0,0.8407846029054429,0.7069187484828633,0.24949346079576606,54615.0,outputs/figure3/runs/self_off_n05_combo109_CREB1-CREB5-CREM-ATF1-ATF4_seed00_rates.txt
self_off,False,5,combo110_CREB1-CREB5-CREM-ATF1-ATF7,0,0.6537873905950179,0.42743795210104246,0.3409869693333229,84376.0,outputs/figure3/runs/self_off_n05_combo110_CREB1-CREB5-CREM-ATF1-ATF7_seed00_rates.txt
self_off,False,5,combo111_CREB1-CREB5-CREM-ATF4-ATF7,0,0.8493700961013326,0.721429560151187,0.23325386441354504,53490.0,outputs/figure3/runs/self_off_n05_combo111_CREB1-CREB5-CREM-ATF4-ATF7_seed00_rates.txt
self_off,False,5,combo112_CREB1-CREB5-ATF1-ATF4-ATF7,0,0.8471384132241311,0.7176434911598987,0.2349623910018988,53356.0,outputs/figure3/runs/self_off_n05_combo112_CREB1-CREB5-ATF1-ATF4-ATF7_seed00_rates.txt
self_off,False,5,combo113_CREB1-CREM-ATF1-ATF4-ATF7,0,0.8472813278445608,0.7178856485140421,0.2365680246400088,53232.0,outputs/figure3/runs/self_off_n05_combo113_CREB1-CREM-ATF1-ATF4-ATF7_seed00_rates.txt
self_off,False,5,combo114_CREB3-CREB5-CREM-ATF1-ATF4,0,0.7053262404256231,0.4974851054329439,0.33838316018314896,81680.0,outputs/figure3/runs/self_off_n05_combo114_CREB3-CREB5-CREM-ATF1-ATF4_seed00_rates.txt
self_off,False,5,combo115_CREB3-CREB5-CREM-ATF1-ATF7,0,0.7254280042453456,0.5262457893433852,0.35453842159069565,85757.0,outputs/figure3/runs/self_off_n05_combo115_CREB3-CREB5-CREM-ATF1-ATF7_seed00_rates.txt
self_off,False,5,combo116_CREB3-CREB5-CREM-ATF4-ATF7,0,0.5702787940218921,0.3252179029110636,1.5816962999416837,141330.0,outputs/figure3/runs/self_off_n05_combo116_CREB3-CREB5-CREM-ATF4-ATF7_seed00_rates.txt
self_off,False,5,combo117_CREB3-CREB5-ATF1-ATF4-ATF7,0,0.7496353019752822,0.5619530859675724,0.29338516830955447,74136.0,outputs/figure3/runs/self_off_n05_combo117_CREB3-CREB5-ATF1-ATF4-ATF7_seed00_rates.txt
self_off,False,5,combo118_CREB3-CREM-ATF1-ATF4-ATF7,0,0.7769454498704014,0.6036442320743204,0.27403081246945143,68390.0,outputs/figure3/runs/self_off_n05_combo118_CREB3-CREM-ATF1-ATF4-ATF7_seed00_rates.txt
self_off,False,5,combo119_CREB5-CREM-ATF1-ATF4-ATF7,0,0.7774107850742119,0.6043675287497025,0.27958197521078615,68533.0,outputs/figure3/runs/self_off_n05_combo119_CREB5-CREM-ATF1-ATF4-ATF7_seed00_rates.txt
self_off,False,6,combo120_CREB1-CREB3-CREB5-CREM-ATF1-ATF4,0,0.8608428776926345,0.741050460074136,0.22802580596132585,49569.0,outputs/figure3/runs/self_off_n06_combo120_CREB1-CREB3-CREB5-CREM-ATF1-ATF4_seed00_rates.txt
self_off,False,6,combo121_CREB1-CREB3-CREB5-CREM-ATF1-ATF7,0,0.8464633285526044,0.7165001665843543,0.23426692684750314,52872.0,outputs/figure3/runs/self_off_n06_combo121_CREB1-CREB3-CREB5-CREM-ATF1-ATF7_seed00_rates.txt
self_off,False,6,combo122_CREB1-CREB3-CREB5-CREM-ATF4-ATF7,0,0.8679762914310246,0.753382842486355,0.2130138999078524,47678.0,outputs/figure3/runs/self_off_n06_combo122_CREB1-CREB3-CREB5-CREM-ATF4-ATF7_seed00_rates.txt
self_off,False,6,combo123_CREB1-CREB3-CREB5-ATF1-ATF4-ATF7,0,0.8502885827780247,0.7229906740026617,0.22951767609768653,52076.0,outputs/figure3/runs/self_off_n06_combo123_CREB1-CREB3-CREB5-ATF1-ATF4-ATF7_seed00_rates.txt
self_off,False,6,combo124_CREB1-CREB3-CREM-ATF1-ATF4-ATF7,0,0.786015619938472,0.6178205547872605,0.29311035107779876,65565.0,outputs/figure3/runs/self_off_n06_combo124_CREB1-CREB3-CREM-ATF1-ATF4-ATF7_seed00_rates.txt
self_off,False,6,combo125_CREB1-CREB5-CREM-ATF1-ATF4-ATF7,0,0.8511980497944825,0.7245381199739304,0.23170805835396044,52715.0,outputs/figure3/runs/self_off_n06_combo125_CREB1-CREB5-CREM-ATF1-ATF4-ATF7_seed00_rates.txt
self_off,False,6,combo126_CREB3-CREB5-CREM-ATF1-ATF4-ATF7,0,0.7154716561181933,0.5118996907085103,0.3551344039277215,86361.0,outputs/figure3/runs/self_off_n06_combo126_CREB3-CREB5-CREM-ATF1-ATF4-ATF7_seed00_rates.txt
self_off,False,7,combo127_CREB1-CREB3-CREB5-CREM-ATF1-ATF4-ATF7,0,0.869991941141378,0.7568859776509429,0.21274419357278718,46924.0,outputs/figure3/runs/self_off_n07_combo127_CREB1-CREB3-CREB5-CREM-ATF1-ATF4-ATF7_seed00_rates.txt
self_on,True,1,combo001_CREB1,0,0.6840098275377344,0.4678694441682012,0.33496445089821214,77131.0,outputs/figure3/runs/self_on_n01_combo001_CREB1_seed00_rates.txt
self_on,True,1,combo002_CREB3,0,0.4774598615277329,0.22796791937008187,0.5355730589259522,163770.0,outputs/figure3/runs/self_on_n01_combo002_CREB3_seed00_rates.txt
self_on,True,1,combo003_CREB5,0,0.6280501149229855,0.3944469468547752,0.4316065972967461,113670.0,outputs/figure3/runs/self_on_n01_combo003_CREB5_seed00_rates.txt
self_on,True,1,combo004_CREM,0,0.6942279037295263,0.48195238231669235,0.31859340054762764,86949.0,outputs/figure3/runs/self_on_n01_combo004_CREM_seed00_rates.txt
self_on,True,1,combo005_ATF1,0,0.19795914474747475,0.03918782298915166,0.47124154307357546,132830.0,outputs/figure3/runs/self_on_n01_combo005_ATF1_seed00_rates.txt
self_on,True,1,combo006_ATF4,0,-0.05951566686096331,0.003542114601905166,0.7644855752871541,253460.0,outputs/figure3/runs/self_on_n01_combo006_ATF4_seed00_rates.txt
self_on,True,1,combo007_ATF7,0,0.6259626877898966,0.3918292865051516,0.4818493750996604,131420.0,outputs/figure3/runs/self_on_n01_combo007_ATF7_seed00_rates.txt
self_on,True,2,combo008_CREB1-CREB3,0,0.8003063763384589,0.640490296007995,0.27382047381036434,60248.0,outputs/figure3/runs/self_on_n02_combo008_CREB1-CREB3_seed00_rates.txt
self_on,True,2,combo009_CREB1-CREB5,0,0.7289781964380856,0.5314092108821241,0.31157997398545456,70156.0,outputs/figure3/runs/self_on_n02_combo009_CREB1-CREB5_seed00_rates.txt
self_on,True,2,combo010_CREB1-CREM,0,0.7985660161570789,0.6377076821609879,0.2748594490307449,62802.0,outputs/figure3/runs/self_on_n02_combo010_CREB1-CREM_seed00_rates.txt
self_on,True,2,combo011_CREB1-ATF1,0,0.7045699445193616,0.4964188067200163,0.31379650907240403,82560.0,outputs/figure3/runs/self_on_n02_combo011_CREB1-ATF1_seed00_rates.txt
self_on,True,2,combo012_CREB1-ATF4,0,0.701516277522414,0.49212508762890456,0.3329450443954469,75443.0,outputs/figure3/runs/self_on_n02_combo012_CREB1-ATF4_seed00_rates.txt
self_on,True,2,combo013_CREB1-ATF7,0,0.8197557467258216,0.6719994842900094,0.26636627595672685,56439.0,outputs/figure3/runs/self_on_n02_combo013_CREB1-ATF7_seed00_rates.txt
self_on,True,2,combo014_CREB3-CREB5,0,0.6868075488277849,0.4717046091268302,0.36561100648274186,94521.0,outputs/figure3/runs/self_on_n02_combo014_CREB3-CREB5_seed00_rates.txt
self_on,True,2,combo015_CREB3-CREM,0,0.7457746763711501,0.5561798679164938,0.3050780881501817,75604.0,outputs/figure3/runs/self_on_n02_combo015_CREB3-CREM_seed00_rates.txt
self_on,True,2,combo016_CREB3-ATF1,0,0.5952598620302705,0.35433430334429666,0.3603317450176799,102020.0,outputs/figure3/runs/self_on_n02_combo016_CREB3-ATF1_seed00_rates.txt
self_on,True,2,combo017_CREB3-ATF4,0,0.5265752782866223,0.27728152370263376,0.4135688561281004,122670.0,outputs/figure3/runs/self_on_n02_combo017_CREB3-ATF4_seed00_rates.txt
self_on,True,2,combo018_CREB3-ATF7,0,-0.03308226754472691,0.0010944364259008912,1.9577639985867874,391030.0,outputs/figure3/runs/self_on_n02_combo018_CREB3-ATF7_seed00_rates.txt
self_on,True,2,combo019_CREB5-CREM,0,0.7492595218133554,0.561389831027978,0.31672188784675115,75113.0,outputs/figure3/runs/self_on_n02_combo019_CREB5-CREM_seed00_rates.txt
self_on,True,2,combo020_CREB5-ATF1,0,0.6305539047400648,0.3975982267829427,0.3578798492923503,89045.0,outputs/figure3/runs/self_on_n02_combo020_CREB5-ATF1_seed00_rates.txt
self_on,True,2,combo021_CREB5-ATF4,0,0.6252777444283152,0.39097225767736143,0.35601139513787766,97385.0,outputs/figure3/runs/self_on_n02_combo021_CREB5-ATF4_seed00_rates.txt
self_on,True,2,combo022_CREB5-ATF7,0,0.712869347873465,0.5081827071375393,0.4410767607367697,101400.0,outputs/figure3/runs/self_on_n02_combo022_CREB5-ATF7_seed00_rates.txt
self_on,True,2,combo023_CREM-ATF1,0,0.6546437585004168,0.428558450543552,0.3324302752150752,90083.0,outputs/figure3/runs/self_on_n02_combo023_CREM-ATF1_seed00_rates.txt
self_on,True,2,combo024_CREM-ATF4,0,0.6901915269073708,0.47636434381472803,0.31982574125713936,87298.0,outputs/figure3/runs/self_on_n02_combo024_CREM-ATF4_seed00_rates.txt
self_on,True,2,combo025_CREM-ATF7,0,0.7470297520054292,0.5580534503812931,0.3178768102792049,76299.0,outputs/figure3/runs/self_on_n02_combo025_CREM-ATF7_seed00_rates.txt
self_on,True,2,combo026_ATF1-ATF4,0,0.18419979156724936,0.033929563213418105,0.4746314555644603,133000.0,outputs/figure3/runs/self_on_n02_combo026_ATF1-ATF4_seed00_rates.txt
self_on,True,2,combo027_ATF1-ATF7,0,0.6187864793545659,0.38289670703201856,0.35606867657282126,93114.0,outputs/figure3/runs/self_on_n02_combo027_ATF1-ATF7_seed00_rates.txt
self_on,True,2,combo028_ATF4-ATF7,0,0.6256195104099153,0.3913997718055421,0.4815826384073932,131300.0,outputs/figure3/runs/self_on_n02_combo028_ATF4-ATF7_seed00_rates.txt
self_on,True,3,combo029_CREB1-CREB3-CREB5,0,0.827866718707073,0.6853633039428159,0.2614207946862862,55850.0,outputs/figure3/runs/self_on_n03_combo029_CREB1-CREB3-CREB5_seed00_rates.txt
self_on,True,3,combo030_CREB1-CREB3-CREM,0,0.838395201352313,0.7029065136505855,0.24397549807450372,53213.0,outputs/figure3/runs/self_on_n03_combo030_CREB1-CREB3-CREM_seed00_rates.txt
self_on,True,3,combo031_CREB1-CREB3-ATF1,0,0.8019832482540313,0.6431771304800873,0.2732007266224214,59490.0,outputs/figure3/runs/self_on_n03_combo031_CREB1-CREB3-ATF1_seed00_rates.txt
self_on,True,3,combo032_CREB1-CREB3-ATF4,0,0.8187605719858858,0.6703688742386549,0.26460536881423763,56523.0,outputs/figure3/runs/self_on_n03_combo032_CREB1-CREB3-ATF4_seed00_rates.txt
self_on,True,3,combo033_CREB1-CREB3-ATF7,0,0.7919075188456877,0.6271175184043332,0.2715724466043282,62451.0,outputs/figure3/runs/self_on_n03_combo033_CREB1-CREB3-ATF7_seed00_rates.txt
self_on,True,3,combo034_CREB1-CREB5-CREM,0,0.8327649376487157,0.6934974413770694,0.2552085700310764,55113.0,outputs/figure3/runs/self_on_n03_combo034_CREB1-CREB5-CREM_seed00_rates.txt
self_on,True,3,combo035_CREB1-CREB5-ATF1,0,0.7176569434807912,0.5150314885261916,0.3135411739192859,72679.0,outputs/figure3/runs/self_on_n03_combo035_CREB1-CREB5-ATF1_seed00_rates.txt
self_on,True,3,combo036_CREB1-CREB5-ATF4,0,0.8067584210813967,0.6508591499857482,0.27742635400205257,59290.0,outputs/figure3/runs/self_on_n03_combo036_CREB1-CREB5-ATF4_seed00_rates.txt
self_on,True,3,combo037_CREB1-CREB5-ATF7,0,0.8158974776960469,0.6656886941107714,0.25794742147822297,59049.0,outputs/figure3/runs/self_on_n03_combo037_CREB1-CREB5-ATF7_seed00_rates.txt
self_on,True,3,combo038_CREB1-CREM-ATF1,0,0.8045152932574757,0.6472448570851622,0.27193366328712004,58458.0,outputs/figure3/runs/self_on_n03_combo038_CREB1-CREM-ATF1_seed00_rates.txt
self_on,True,3,combo039_CREB1-CREM-ATF4,0,0.798190701543667,0.6371083960307713,0.27198236709186,61805.0,outputs/figure3/runs/self_on_n03_combo039_CREB1-CREM-ATF4_seed00_rates.txt
self_on,True,3,combo040_CREB1-CREM-ATF7,0,-0.08838625663558308,0.007812130362051154,0.4889507945040278,1999000.0,outputs/figure3/runs/self_on_n03_combo040_CREB1-CREM-ATF7_seed00_rates.txt
self_on,True,3,combo041_CREB1-ATF1-ATF4,0,-0.10098489106739116,0.010197948223892857,0.48895589820498525,1973100.0,outputs/figure3/runs/self_on_n03_combo041_CREB1-ATF1-ATF4_seed00_rates.txt
self_on,True,3,combo042_CREB1-ATF1-ATF7,0,0.240974033176524,0.058068484665360486,0.48894901774016236,2107400.0,outputs/figure3/runs/self_on_n03_combo042_CREB1-ATF1-ATF7_seed00_rates.txt
self_on,True,3,combo043_CREB1-ATF4-ATF7,0,-0.27605958381185647,0.0762088938143754,0.4889490177401745,2011800.0,outputs/figure3/runs/self_on_n03_combo043_CREB1-ATF4-ATF7_seed00_rates.txt
self_on,True,3,combo044_CREB3-CREB5-CREM,0,,,inf,2075500.0,outputs/figure3/runs/self_on_n03_combo044_CREB3-CREB5-CREM_seed00_rates.txt
self_on,True,3,combo045_CREB3-CREB5-ATF1,0,,,inf,2078600.0,outputs/figure3/runs/self_on_n03_combo045_CREB3-CREB5-ATF1_seed00_rates.txt
self_on,True,3,combo046_CREB3-CREB5-ATF4,0,0.04114715992895332,0.0016930887702188617,0.4889489737702313,2017600.0,outputs/figure3/runs/self_on_n03_combo046_CREB3-CREB5-ATF4_seed00_rates.txt
self_on,True,3,combo047_CREB3-CREB5-ATF7,0,,,inf,2084700.0,outputs/figure3/runs/self_on_n03_combo047_CREB3-CREB5-ATF7_seed00_rates.txt
self_on,True,3,combo048_CREB3-CREM-ATF1,0,,,,2130500.0,outputs/figure3/runs/self_on_n03_combo048_CREB3-CREM-ATF1_seed00_rates.txt
self_on,True,3,combo049_CREB3-CREM-ATF4,0,,,,2134300.0,outputs/figure3/runs/self_on_n03_combo049_CREB3-CREM-ATF4_seed00_rates.txt
self_on,True,3,combo050_CREB3-CREM-ATF7,0,,,inf,2074700.0,outputs/figure3/runs/self_on_n03_combo050_CREB3-CREM-ATF7_seed00_rates.txt
self_on,True,3,combo051_CREB3-ATF1-ATF4,0,,,0.48894901774016675,2082200.0,outputs/figure3/runs/self_on_n03_combo051_CREB3-ATF1-ATF4_seed00_rates.txt
self_on,True,3,combo052_CREB3-ATF1-ATF7,0,,,inf,1985700.0,outputs/figure3/runs/self_on_n03_combo052_CREB3-ATF1-ATF7_seed00_rates.txt
self_on,True,3,combo053_CREB3-ATF4-ATF7,0,-0.30083755434145193,0.09050323410214604,0.4889490177401677,1968700.0,outputs/figure3/runs/self_on_n03_combo053_CREB3-ATF4-ATF7_seed00_rates.txt
self_on,True,3,combo054_CREB5-CREM-ATF1,0,,,,2134900.0,outputs/figure3/runs/self_on_n03_combo054_CREB5-CREM-ATF1_seed00_rates.txt
self_on,True,3,combo055_CREB5-CREM-ATF4,0,0.26256224858968064,0.06893893438446926,0.48894901774016364,1968700.0,outputs/figure3/runs/self_on_n03_combo055_CREB5-CREM-ATF4_seed00_rates.txt
self_on,True,3,combo056_CREB5-CREM-ATF7,0,,,inf,2078600.0,outputs/figure3/runs/self_on_n03_combo056_CREB5-CREM-ATF7_seed00_rates.txt
self_on,True,3,combo057_CREB5-ATF1-ATF4,0,,,inf,1987400.0,outputs/figure3/runs/self_on_n03_combo057_CREB5-ATF1-ATF4_seed00_rates.txt
self_on,True,3,combo058_CREB5-ATF1-ATF7,0,,,inf,2060900.0,outputs/figure3/runs/self_on_n03_combo058_CREB5-ATF1-ATF7_seed00_rates.txt
self_on,True,3,combo059_CREB5-ATF4-ATF7,0,-0.2227504207722114,0.04961774995419723,0.48894901774016697,1975000.0,outputs/figure3/runs/self_on_n03_combo059_CREB5-ATF4-ATF7_seed00_rates.txt
self_on,True,3,combo060_CREM-ATF1-ATF4,0,-0.07745501227610141,0.00599927892669102,0.48893469415431934,1977300.0,outputs/figure3/runs/self_on_n03_combo060_CREM-ATF1-ATF4_seed00_rates.txt
self_on,True,3,combo061_CREM-ATF1-ATF7,0,,,inf,2100000.0,outputs/figure3/runs/self_on_n03_combo061_CREM-ATF1-ATF7_seed00_rates.txt
self_on,True,3,combo062_CREM-ATF4-ATF7,0,,,inf,2083000.0,outputs/figure3/runs/self_on_n03_combo062_CREM-ATF4-ATF7_seed00_rates.txt
self_on,True,3,combo063_ATF1-ATF4-ATF7,0,,,,2126900.0,outputs/figure3/runs/self_on_n03_combo063_ATF1-ATF4-ATF7_seed00_rates.txt
self_on,True,4,combo064_CREB1-CREB3-CREB5-CREM,0,,,,2133100.0,outputs/figure3/runs/self_on_n04_combo064_CREB1-CREB3-CREB5-CREM_seed00_rates.txt
self_on,True,4,combo065_CREB1-CREB3-CREB5-ATF1,0,,,,2130500.0,outputs/figure3/runs/self_on_n04_combo065_CREB1-CREB3-CREB5-ATF1_seed00_rates.txt
self_on,True,4,combo066_CREB1-CREB3-CREB5-ATF4,0,-0.10561436230847393,0.011154393525825599,0.4889492134120623,1971600.0,outputs/figure3/runs/self_on_n04_combo066_CREB1-CREB3-CREB5-ATF4_seed00_rates.txt
self_on,True,4,combo067_CREB1-CREB3-CREB5-ATF7,0,-0.10561436402622669,0.011154393888664326,0.48894988770933073,1973300.0,outputs/figure3/runs/self_on_n04_combo067_CREB1-CREB3-CREB5-ATF7_seed00_rates.txt
self_on,True,4,combo068_CREB1-CREB3-CREM-ATF1,0,-0.10561436401093643,0.011154393885434585,0.48901413547838585,1997600.0,outputs/figure3/runs/self_on_n04_combo068_CREB1-CREB3-CREM-ATF1_seed00_rates.txt
self_on,True,4,combo069_CREB1-CREB3-CREM-ATF4,0,0.08157361218200274,0.006654254204419785,0.48894901774015237,1996500.0,outputs/figure3/runs/self_on_n04_combo069_CREB1-CREB3-CREM-ATF4_seed00_rates.txt
self_on,True,4,combo070_CREB1-CREB3-CREM-ATF7,0,-0.10561436398067485,0.01115439387904247,0.4889558814010008,1971200.0,outputs/figure3/runs/self_on_n04_combo070_CREB1-CREB3-CREM-ATF7_seed00_rates.txt
self_on,True,4,combo071_CREB1-CREB3-ATF1-ATF4,0,0.025893841971362477,0.000670491052037893,0.4889490177401601,1982900.0,outputs/figure3/runs/self_on_n04_combo071_CREB1-CREB3-ATF1-ATF4_seed00_rates.txt
self_on,True,4,combo072_CREB1-CREB3-ATF1-ATF7,0,0.35673589990758464,0.12726050228287425,0.4889490177401544,2001600.0,outputs/figure3/runs/self_on_n04_combo072_CREB1-CREB3-ATF1-ATF7_seed00_rates.txt
self_on,True,4,combo073_CREB1-CREB3-ATF4-ATF7,0,0.34093815502774494,0.11623882555372264,0.48894901774016075,1979400.0,outputs/figure3/runs/self_on_n04_combo073_CREB1-CREB3-ATF4-ATF7_seed00_rates.txt
self_on,True,4,combo074_CREB1-CREB5-CREM-ATF1,0,0.0892328378436428,0.00796249934962985,0.48894921066844743,1977600.0,outputs/figure3/runs/self_on_n04_combo074_CREB1-CREB5-CREM-ATF1_seed00_rates.txt
self_on,True,4,combo075_CREB1-CREB5-CREM-ATF4,0,-0.10561436401282515,0.011154393885833535,0.4889568614969707,2040700.0,outputs/figure3/runs/self_on_n04_combo075_CREB1-CREB5-CREM-ATF4_seed00_rates.txt
self_on,True,4,combo076_CREB1-CREB5-CREM-ATF7,0,,,,2134500.0,outputs/figure3/runs/self_on_n04_combo076_CREB1-CREB5-CREM-ATF7_seed00_rates.txt
self_on,True,4,combo077_CREB1-CREB5-ATF1-ATF4,0,0.3937752699364321,0.15505896321350995,0.48894901774016164,1987800.0,outputs/figure3/runs/self_on_n04_combo077_CREB1-CREB5-ATF1-ATF4_seed00_rates.txt
self_on,True,4,combo078_CREB1-CREB5-ATF1-ATF7,0,,,,2128300.0,outputs/figure3/runs/self_on_n04_combo078_CREB1-CREB5-ATF1-ATF7_seed00_rates.txt
self_on,True,4,combo079_CREB1-CREB5-ATF4-ATF7,0,0.17826070851472497,0.03177688020017174,0.488949017740159,1993700.0,outputs/figure3/runs/self_on_n04_combo079_CREB1-CREB5-ATF4-ATF7_seed00_rates.txt
self_on,True,4,combo080_CREB1-CREM-ATF1-ATF4,0,,,inf,2096700.0,outputs/figure3/runs/self_on_n04_combo080_CREB1-CREM-ATF1-ATF4_seed00_rates.txt
self_on,True,4,combo081_CREB1-CREM-ATF1-ATF7,0,-0.008810978905266038,7.763334926904311e-05,0.4889490177401634,1969800.0,outputs/figure3/runs/self_on_n04_combo081_CREB1-CREM-ATF1-ATF7_seed00_rates.txt
self_on,True,4,combo082_CREB1-CREM-ATF4-ATF7,0,0.5015692627261203,0.2515717253116239,0.48894901774014227,1985400.0,outputs/figure3/runs/self_on_n04_combo082_CREB1-CREM-ATF4-ATF7_seed00_rates.txt
self_on,True,4,combo083_CREB1-ATF1-ATF4-ATF7,0,0.4223175322995135,0.17835209808755065,0.4889490177401613,1997500.0,outputs/figure3/runs/self_on_n04_combo083_CREB1-ATF1-ATF4-ATF7_seed00_rates.txt
self_on,True,4,combo084_CREB3-CREB5-CREM-ATF1,0,,,inf,2093200.0,outputs/figure3/runs/self_on_n04_combo084_CREB3-CREB5-CREM-ATF1_seed00_rates.txt
self_on,True,4,combo085_CREB3-CREB5-CREM-ATF4,0,0.09322696313386798,0.00869126665516358,0.48894901774016436,1974100.0,outputs/figure3/runs/self_on_n04_combo085_CREB3-CREB5-CREM-ATF4_seed00_rates.txt
self_on,True,4,combo086_CREB3-CREB5-CREM-ATF7,0,0.32564329271342873,0.10604355408924383,0.48894901774016364,2099200.0,outputs/figure3/runs/self_on_n04_combo086_CREB3-CREB5-CREM-ATF7_seed00_rates.txt
self_on,True,4,combo087_CREB3-CREB5-ATF1-ATF4,0,0.4108290301920959,0.16878049204857803,0.4889490177401628,1972500.0,outputs/figure3/runs/self_on_n04_combo087_CREB3-CREB5-ATF1-ATF4_seed00_rates.txt
self_on,True,4,combo088_CREB3-CREB5-ATF1-ATF7,0,,,inf,2088500.0,outputs/figure3/runs/self_on_n04_combo088_CREB3-CREB5-ATF1-ATF7_seed00_rates.txt
self_on,True,4,combo089_CREB3-CREB5-ATF4-ATF7,0,,,inf,2084900.0,outputs/figure3/runs/self_on_n04_combo089_CREB3-CREB5-ATF4-ATF7_seed00_rates.txt
self_on,True,4,combo090_CREB3-CREM-ATF1-ATF4,0,0.5366323360733696,0.2879742641195619,0.4889490177401633,1980600.0,outputs/figure3/runs/self_on_n04_combo090_CREB3-CREM-ATF1-ATF4_seed00_rates.txt
self_on,True,4,combo091_CREB3-CREM-ATF1-ATF7,0,,,inf,2087900.0,outputs/figure3/runs/self_on_n04_combo091_CREB3-CREM-ATF1-ATF7_seed00_rates.txt
self_on,True,4,combo092_CREB3-CREM-ATF4-ATF7,0,-0.0211719245581133,0.00044825038949444107,0.48894901774016425,1980600.0,outputs/figure3/runs/self_on_n04_combo092_CREB3-CREM-ATF4-ATF7_seed00_rates.txt
self_on,True,4,combo093_CREB3-ATF1-ATF4-ATF7,0,0.5387295796116216,0.2902295599485145,0.4889490177401623,1975200.0,outputs/figure3/runs/self_on_n04_combo093_CREB3-ATF1-ATF4-ATF7_seed00_rates.txt
self_on,True,4,combo094_CREB5-CREM-ATF1-ATF4,0,,,,2128400.0,outputs/figure3/runs/self_on_n04_combo094_CREB5-CREM-ATF1-ATF4_seed00_rates.txt
self_on,True,4,combo095_CREB5-CREM-ATF1-ATF7,0,,,inf,2081800.0,outputs/figure3/runs/self_on_n04_combo095_CREB5-CREM-ATF1-ATF7_seed00_rates.txt
self_on,True,4,combo096_CREB5-CREM-ATF4-ATF7,0,0.5788926329214683,0.3351166804507498,0.4889490177401466,1998600.0,outputs/figure3/runs/self_on_n04_combo096_CREB5-CREM-ATF4-ATF7_seed00_rates.txt
self_on,True,4,combo097_CREB5-ATF1-ATF4-ATF7,0,0.40894783992630157,0.16723833578038796,0.48894901774016125,1972700.0,outputs/figure3/runs/self_on_n04_combo097_CREB5-ATF1-ATF4-ATF7_seed00_rates.txt
self_on,True,4,combo098_CREM-ATF1-ATF4-ATF7,0,0.40766238257516835,0.16618861816686292,0.4889490177401604,1979400.0,outputs/figure3/runs/self_on_n04_combo098_CREM-ATF1-ATF4-ATF7_seed00_rates.txt
self_on,True,5,combo099_CREB1-CREB3-CREB5-CREM-ATF1,0,-0.1056143639961721,0.011154393882315934,0.4889549099627205,1972700.0,outputs/figure3/runs/self_on_n05_combo099_CREB1-CREB3-CREB5-CREM-ATF1_seed00_rates.txt
self_on,True,5,combo100_CREB1-CREB3-CREB5-CREM-ATF4,0,-0.10671811200723211,0.011388755430388137,0.4889490177401686,1968900.0,outputs/figure3/runs/self_on_n05_combo100_CREB1-CREB3-CREB5-CREM-ATF4_seed00_rates.txt
self_on,True,5,combo101_CREB1-CREB3-CREB5-CREM-ATF7,0,-0.1056143640126941,0.011154393885805854,0.48895489622868743,2001900.0,outputs/figure3/runs/self_on_n05_combo101_CREB1-CREB3-CREB5-CREM-ATF7_seed00_rates.txt
self_on,True,5,combo102_CREB1-CREB3-CREB5-ATF1-ATF4,0,-0.06273304228183521,0.003935434593934525,0.4905529598383258,1985200.0,outputs/figure3/runs/self_on_n05_combo102_CREB1-CREB3-CREB5-ATF1-ATF4_seed00_rates.txt
self_on,True,5,combo103_CREB1-CREB3-CREB5-ATF1-ATF7,0,-0.1056143629496084,0.011154393661251615,0.48894943639474625,1987800.0,outputs/figure3/runs/self_on_n05_combo103_CREB1-CREB3-CREB5-ATF1-ATF7_seed00_rates.txt
self_on,True,5,combo104_CREB1-CREB3-CREB5-ATF4-ATF7,0,-0.011966829301644933,0.00014320500353470775,0.48893788914492137,1968800.0,outputs/figure3/runs/self_on_n05_combo104_CREB1-CREB3-CREB5-ATF4-ATF7_seed00_rates.txt
self_on,True,5,combo105_CREB1-CREB3-CREM-ATF1-ATF4,0,,,,2134900.0,outputs/figure3/runs/self_on_n05_combo105_CREB1-CREB3-CREM-ATF1-ATF4_seed00_rates.txt
self_on,True,5,combo106_CREB1-CREB3-CREM-ATF1-ATF7,0,,,,2134900.0,outputs/figure3/runs/self_on_n05_combo106_CREB1-CREB3-CREM-ATF1-ATF7_seed00_rates.txt
self_on,True,5,combo107_CREB1-CREB3-CREM-ATF4-ATF7,0,-0.10561436400422014,0.011154393884015911,0.48895712478042863,1968700.0,outputs/figure3/runs/self_on_n05_combo107_CREB1-CREB3-CREM-ATF4-ATF7_seed00_rates.txt
self_on,True,5,combo108_CREB1-CREB3-ATF1-ATF4-ATF7,0,-0.10561437096912026,0.011154395355202951,0.48894902308615373,2107000.0,outputs/figure3/runs/self_on_n05_combo108_CREB1-CREB3-ATF1-ATF4-ATF7_seed00_rates.txt
self_on,True,5,combo109_CREB1-CREB5-CREM-ATF1-ATF4,0,0.29046157810637924,0.08436792835604824,0.488949017740165,1968900.0,outputs/figure3/runs/self_on_n05_combo109_CREB1-CREB5-CREM-ATF1-ATF4_seed00_rates.txt
self_on,True,5,combo110_CREB1-CREB5-CREM-ATF1-ATF7,0,-0.1009848840677711,0.01019794681018117,0.48894907180652525,2070700.0,outputs/figure3/runs/self_on_n05_combo110_CREB1-CREB5-CREM-ATF1-ATF7_seed00_rates.txt
self_on,True,5,combo111_CREB1-CREB5-CREM-ATF4-ATF7,0,-0.10561436341358191,0.011154393759256148,0.488949456596518,1978700.0,outputs/figure3/runs/self_on_n05_combo111_CREB1-CREB5-CREM-ATF4-ATF7_seed00_rates.txt
self_on,True,5,combo112_CREB1-CREB5-ATF1-ATF4-ATF7,0,,,,2134900.0,outputs/figure3/runs/self_on_n05_combo112_CREB1-CREB5-ATF1-ATF4-ATF7_seed00_rates.txt
self_on,True,5,combo113_CREB1-CREM-ATF1-ATF4-ATF7,0,-0.10561436399750597,0.011154393882597684,0.4889629295659636,2033200.0,outputs/figure3/runs/self_on_n05_combo113_CREB1-CREM-ATF1-ATF4-ATF7_seed00_rates.txt
self_on,True,5,combo114_CREB3-CREB5-CREM-ATF1-ATF4,0,0.15332759319381198,0.023509350834607097,0.48894901774016475,2076700.0,outputs/figure3/runs/self_on_n05_combo114_CREB3-CREB5-CREM-ATF1-ATF4_seed00_rates.txt
self_on,True,5,combo115_CREB3-CREB5-CREM-ATF1-ATF7,0,-0.0611235399987511,0.0037360871419789255,0.48895033865366117,1968800.0,outputs/figure3/runs/self_on_n05_combo115_CREB3-CREB5-CREM-ATF1-ATF7_seed00_rates.txt
self_on,True,5,combo116_CREB3-CREB5-CREM-ATF4-ATF7,0,0.27908673669534534,0.07788940659925701,0.4889490177401656,1968900.0,outputs/figure3/runs/self_on_n05_combo116_CREB3-CREB5-CREM-ATF4-ATF7_seed00_rates.txt
self_on,True,5,combo117_CREB3-CREB5-ATF1-ATF4-ATF7,0,,,inf,2018600.0,outputs/figure3/runs/self_on_n05_combo117_CREB3-CREB5-ATF1-ATF4-ATF7_seed00_rates.txt
self_on,True,5,combo118_CREB3-CREM-ATF1-ATF4-ATF7,0,0.560342884876629,0.3139841486318631,0.48894901774015925,2045300.0,outputs/figure3/runs/self_on_n05_combo118_CREB3-CREM-ATF1-ATF4-ATF7_seed00_rates.txt
self_on,True,5,combo119_CREB5-CREM-ATF1-ATF4-ATF7,0,-0.061123540005620716,0.003736087142818716,0.4889502879166411,1969000.0,outputs/figure3/runs/self_on_n05_combo119_CREB5-CREM-ATF1-ATF4-ATF7_seed00_rates.txt
self_on,True,6,combo120_CREB1-CREB3-CREB5-CREM-ATF1-ATF4,0,-0.10098489105933656,0.010197948222266072,0.4889563650429269,2068700.0,outputs/figure3/runs/self_on_n06_combo120_CREB1-CREB3-CREB5-CREM-ATF1-ATF4_seed00_rates.txt
self_on,True,6,combo121_CREB1-CREB3-CREB5-CREM-ATF1-ATF7,0,0.03250153783798389,0.0010563499618338984,0.48894900973075045,2049100.0,outputs/figure3/runs/self_on_n06_combo121_CREB1-CREB3-CREB5-CREM-ATF1-ATF7_seed00_rates.txt
self_on,True,6,combo122_CREB1-CREB3-CREB5-CREM-ATF4-ATF7,0,-0.10561436398766567,0.011154393880519132,0.48895486805820554,2033700.0,outputs/figure3/runs/self_on_n06_combo122_CREB1-CREB3-CREB5-CREM-ATF4-ATF7_seed00_rates.txt
self_on,True,6,combo123_CREB1-CREB3-CREB5-ATF1-ATF4-ATF7,0,-0.10561432004717583,0.011154384599027286,0.4889490361351698,2019800.0,outputs/figure3/runs/self_on_n06_combo123_CREB1-CREB3-CREB5-ATF1-ATF4-ATF7_seed00_rates.txt
self_on,True,6,combo124_CREB1-CREB3-CREM-ATF1-ATF4-ATF7,0,-0.10561436401077381,0.011154393885400234,0.48896379893668673,1758200.0,outputs/figure3/runs/self_on_n06_combo124_CREB1-CREB3-CREM-ATF1-ATF4-ATF7_seed00_rates.txt
self_on,True,6,combo125_CREB1-CREB5-CREM-ATF1-ATF4-ATF7,0,-0.10561436401249193,0.011154393885763149,0.4889532698144447,2025800.0,outputs/figure3/runs/self_on_n06_combo125_CREB1-CREB5-CREM-ATF1-ATF4-ATF7_seed00_rates.txt
self_on,True,6,combo126_CREB3-CREB5-CREM-ATF1-ATF4-ATF7,0,0.3830877840648543,0.14675625029972042,0.48894901774015914,1847700.0,outputs/figure3/runs/self_on_n06_combo126_CREB3-CREB5-CREM-ATF1-ATF4-ATF7_seed00_rates.txt
self_on,True,7,combo127_CREB1-CREB3-CREB5-CREM-ATF1-ATF4-ATF7,0,-0.08838625663975073,0.007812130362787881,0.4889516076683635,1981500.0,outputs/figure3/runs/self_on_n07_combo127_CREB1-CREB3-CREB5-CREM-ATF1-ATF4-ATF7_seed00_rates.txt
